 ,Name,ID,DG,DrugOrNonDrug,logP,formula,exactmass,NumberofCarbons,wienerindex,MSA,PSA,apolarsurfacearea,donorCount,acceptorCount,rotatablebondCount,atomCount,hydrogenCount,NHA,molecularpolarizability,aliphaticringCount,aromaticringCount,aromaticatomCount,balabanindex,hararyindex,bondCount,hyperwienerindex,plattindex,randicindex,ringCount,szegedindex,wienerpolarity,DG_NHA,DG_MW,DG_PSA,DG_MSA,DG_apolarSA,DG_Wiener,DG_P,DG_NoC
1,Acamprosate,DR1,-6.8,1,-1.11,C5H11NO4S,181.04,5,190,227.61,79.82,147.79,2,5,4,22,11,11,16.5,0,0,0,3.15,23.81,21,530,74,9.38,0,190,8,-0.62,-0.04,-0.09,-0.03,-0.05,-0.04,-87.6,-1.36
2,acebutolol,DR2,-9.38,1,1.68,C18H28N2O4,336.2,18,1568,483.07,63.6,419.47,3,6,10,52,28,24,36.87,0,1,6,2.42,79.51,52,6784,184,22.52,1,1982,31,-0.39,-0.03,-0.15,-0.02,-0.02,-0.01,-0.2,-0.52
3,acetophenazine,DR3,-11.72,1,2.04,C23H29N3O2S,411.2,23,2410,541.66,103.37,438.29,1,6,7,58,29,29,46.9,2,2,12,1.24,112.32,61,10772,220,25.56,4,4062,47,-0.4,-0.03,-0.11,-0.02,-0.03,0,-0.11,-0.51
4,Agomelatine,DR4,-8.96,1,2.76,C15H17NO2,243.13,15,642,339.35,26.3,313.05,1,3,4,35,17,18,29.02,0,2,10,1.74,55.09,36,2083,122,15.5,2,1028,25,-0.5,-0.04,-0.34,-0.03,-0.03,-0.01,-0.02,-0.6
5,Albendazole,DR5,-6.8,1,2.45,C12H15N3O2S,265.09,12,676,336.86,92.31,244.55,2,5,5,33,15,18,28.97,1,1,6,1.67,54.29,34,2362,114,14.64,2,933,23,-0.38,-0.03,-0.07,-0.02,-0.03,-0.01,-0.02,-0.57
6,albuterol_salbutamol,DR6,-8.56,1,1.44,C13H21NO3,239.15,13,560,352.71,60.69,292.02,4,4,5,38,21,17,26.61,0,1,6,2.25,49.66,38,1788,132,16.7,1,744,22,-0.5,-0.04,-0.14,-0.02,-0.03,-0.02,-0.31,-0.66
7,alcaftadine,DR7,-11.57,1,0.75,C19H21N3O,307.17,19,1053,398.78,48.48,350.3,0,3,1,44,21,23,35.24,3,1,6,1.53,86.57,47,3256,170,19.46,4,1748,42,-0.5,-0.04,-0.24,-0.03,-0.03,-0.01,-2.06,-0.61
8,Alfuzosin,DR8,-11.55,1,0.86,C19H27N5O4,389.21,19,2380,519.46,84.13,435.33,2,9,8,55,27,28,41.35,2,1,6,1.32,103.22,57,11517,202,24.07,3,3424,43,-0.41,-0.03,-0.14,-0.02,-0.03,0,-1.59,-0.61
9,AMOXAPINE,DR9,-11.82,1,2.31,C17H16ClN3O,313.1,17,936,375.53,35.18,340.35,1,4,0,38,16,22,33.85,2,2,12,1.57,80.78,41,2813,142,17.15,4,1721,39,-0.54,-0.04,-0.34,-0.03,-0.03,-0.01,-0.06,-0.7
10,Atomoxetine,DR10,-11.85,1,3.95,C17H21NO,255.16,17,728,378.73,9.23,369.5,1,2,6,40,21,19,31.33,0,2,12,1.69,59.32,41,2311,140,17.69,2,1028,25,-0.62,-0.05,-1.28,-0.03,-0.03,-0.02,0,-0.7
11,Atosiban,DR11,-11.49,1,-2.86,C43H67N11O12S2,993.44,43,22869,1243.34,264.35,978.99,11,25,18,135,67,68,99.6,2,1,6,1.88,376.32,137,160243,494,58.76,3,35148,106,-0.17,-0.01,-0.04,-0.01,-0.01,0,-8330,-0.27
12,Benperidol,DR12,-14.37,1,2.75,C22H24FN3O2,381.19,22,2452,491.11,66.8,424.31,1,5,6,52,24,28,40.8,2,2,12,1.12,103.63,55,12374,198,23.04,4,3654,43,-0.51,-0.04,-0.22,-0.03,-0.03,-0.01,-0.03,-0.65
13,BrimonidineGTP,DR13,-11.96,1,0.86,C11H10BrN5,291.01,11,515,272.57,30.82,241.75,2,5,1,27,10,17,25.39,2,1,6,1.33,52.82,29,1527,96,12.31,3,890,24,-0.7,-0.04,-0.39,-0.04,-0.05,-0.02,-1.65,-1.09
14,Brompheniramine,DR14,-11.17,1,3.41,C16H19BrN2,318.07,16,718,381.41,26.48,354.93,0,2,5,38,19,19,32.45,1,1,6,1.72,59.85,39,2256,134,16.79,2,1042,25,-0.59,-0.04,-0.42,-0.03,-0.03,-0.02,0,-0.7
15,capsaicin,DR15,-8.36,1,4.58,C18H27NO3,305.2,18,1411,446.24,46.53,399.71,2,4,9,49,27,22,34.81,0,1,6,2.02,66.8,49,6722,172,21.28,1,1675,26,-0.38,-0.03,-0.18,-0.02,-0.02,-0.01,0,-0.46
16,CARBAMAZEPINE,DR16,-6.8,1,2.3,C15H12N2O,236.09,15,521,282.92,20.31,262.61,1,3,0,30,12,18,27.07,1,2,12,1.85,60.41,32,1332,102,13.84,3,928,33,-0.38,-0.03,-0.33,-0.02,-0.03,-0.01,-0.03,-0.45
17,Carbinoxamine,DR17,-11.74,1,2.62,C16H19ClN2O,290.12,16,851,391.32,35.71,355.61,0,4,6,39,19,20,32.52,1,1,6,1.88,63.78,40,2849,136,17.25,2,1196,26,-0.59,-0.04,-0.33,-0.03,-0.03,-0.01,-0.03,-0.73
18,Carnitine,DR18,-6.8,1,-2.34,C7H16NO3,162.11,7,170,248.63,57.53,191.1,2,4,4,27,16,11,16.58,0,0,0,3.61,24.75,26,417,94,11.54,0,170,9,-0.62,-0.04,-0.12,-0.03,-0.04,-0.04,-1490,-0.97
19,carvedilol,DR19,-12.18,1,3.37,C24H26N2O4,406.19,24,3062,539.27,63.71,475.56,3,5,10,56,26,30,47.94,0,4,19,1.01,112.14,59,16535,200,25.18,4,4077,45,-0.41,-0.03,-0.19,-0.02,-0.03,0,-0.01,-0.51
20,Cetirizineplusisomer,DR20,-11.55,1,2.81,C21H25ClN2O3,388.16,21,2068,502.84,73.71,429.13,1,6,8,52,25,27,42.3,1,2,12,1.44,98.42,54,9281,190,23.02,3,3070,38,-0.43,-0.03,-0.16,-0.02,-0.03,-0.01,-0.02,-0.55
21,Chloroquine,DR21,-9.47,1,4.01,C18H26ClN3,319.18,18,1212,455.52,26.48,429.04,1,4,8,48,26,22,38.25,1,1,6,1.57,71.86,49,4904,176,20.85,2,1717,31,-0.43,-0.03,-0.36,-0.02,-0.02,-0.01,0,-0.53
22,ciclesonide,DR22,-10.1,1,4.29,C32H44O7,540.31,32,4484,690.88,99.13,591.75,1,7,6,83,44,39,58.15,6,0,0,1.26,189.67,88,19780,350,35.77,6,7838,83,-0.26,-0.02,-0.1,-0.01,-0.02,0,0,-0.32
23,Cyclopentolate,DR23,-11.95,1,2.39,C17H25NO3,291.18,17,929,418.41,60.12,358.29,1,4,7,46,25,21,32.84,1,1,6,1.9,70.23,47,3078,172,19.98,2,1128,29,-0.57,-0.04,-0.2,-0.03,-0.03,-0.01,-0.05,-0.7
24,CyclosporinA,DR24,-8.05,1,4.57,C62H111N11O12,1201.84,62,37337,1731.15,303.13,1428.02,5,23,15,196,111,85,129.41,1,0,0,4.22,539.73,196,260224,734,83.32,1,63427,150,-0.09,-0.01,-0.03,0,-0.01,0,0,-0.13
25,Darifenacin,DR25,-12.34,1,4.54,C28H30N2O2,426.23,28,2965,571.1,39.89,531.21,1,4,7,62,30,32,49.84,2,3,18,1.24,134.13,66,13271,236,27.64,5,4201,54,-0.39,-0.03,-0.31,-0.02,-0.02,0,0,-0.44
26,Desvenlafaxine,DR26,-10.05,1,2.51,C16H25NO2,263.19,16,672,391.69,54.05,337.64,2,3,4,44,25,19,30.72,1,1,6,1.85,61.83,45,1979,166,19.14,2,996,28,-0.53,-0.04,-0.19,-0.03,-0.03,-0.01,-0.03,-0.63
27,Dexmedetomidine,DR27,-12.23,1,2.32,C13H16N2,200.13,13,353,297.45,28.68,268.77,1,1,2,31,16,15,23.99,1,1,6,1.83,43.54,32,920,110,13.69,2,508,21,-0.82,-0.06,-0.43,-0.04,-0.05,-0.03,-0.06,-0.94
28,Dichlorphenamide,DR28,-10.09,1,1.27,C6H6Cl2N2O4S2,303.91,6,398,290.41,85.04,205.37,2,8,2,22,6,16,26.39,0,1,6,2.86,48.63,22,1001,72,9.77,1,580,25,-0.63,-0.03,-0.12,-0.03,-0.05,-0.03,-0.54,-1.68
29,Dicyclomine,DR29,-12.52,1,5.5,C19H35NO2,309.27,19,1099,483.2,39.89,443.31,0,3,8,57,35,22,36.7,2,0,0,1.75,74.21,58,3946,230,23.99,2,1441,34,-0.57,-0.04,-0.31,-0.03,-0.03,-0.01,-0.0000396,-0.66
30,dienogest,DR30,-12.23,1,2.3,C20H25NO2,311.19,20,1082,396.92,61.09,335.83,1,3,2,48,25,23,35,4,0,0,1.5,87.54,51,3595,202,20.8,4,2152,47,-0.53,-0.04,-0.2,-0.03,-0.04,-0.01,-0.06,-0.61
31,Diflunisal,DR31,-6.91,1,4.69,C13H8F2O3,250.04,13,597,279.33,57.53,221.8,2,5,2,26,8,18,23.94,0,2,12,1.86,56.92,27,1793,82,12.09,2,984,28,-0.38,-0.03,-0.12,-0.02,-0.03,-0.01,0,-0.53
32,Diphenylpyraline,DR32,-11.55,1,3.7,C19H23NO,281.18,19,930,401.47,22.82,378.65,0,2,4,44,23,21,34.27,1,2,12,1.39,70.63,46,3070,164,19.42,3,1458,29,-0.55,-0.04,-0.51,-0.03,-0.03,-0.01,0,-0.61
33,DOXEPIN,DR33,-13.66,1,3.99,C19H21NO,279.16,19,882,388.09,22.82,365.27,0,2,3,42,21,21,34.19,1,2,12,1.48,72.71,44,2780,152,18.65,3,1385,35,-0.65,-0.05,-0.6,-0.04,-0.04,-0.02,0,-0.72
34,Ephedrine-,DR34,-10.01,1,1.39,C10H15NO,165.12,10,202,250.5,20.23,230.27,2,2,3,27,15,12,19.86,0,1,6,2.33,29.66,27,489,92,11.89,1,283,15,-0.83,-0.06,-0.49,-0.04,-0.04,-0.05,-0.41,-1
35,erlotinib,DR35,-12.04,1,2.54,C22H23N3O4,393.17,22,2396,516.39,62.7,453.69,1,7,11,52,23,29,43.33,1,2,12,1.44,110.02,54,10435,178,23.3,3,3792,43,-0.42,-0.03,-0.19,-0.02,-0.03,-0.01,-0.03,-0.55
36,Escitalopram,DR36,-12.18,1,3.54,C20H21FN2O,324.16,20,1298,440.5,46.61,393.89,0,4,6,45,21,24,35.71,1,2,12,1.59,87.89,47,4554,166,19.92,3,1925,39,-0.51,-0.04,-0.26,-0.03,-0.03,-0.01,0,-0.61
37,ethopropazine,DR37,-10.47,1,4.21,C19H24N2S,312.17,19,988,436.11,52.48,383.63,0,3,5,46,24,22,37.89,1,2,12,1.73,78.16,48,3136,170,20.26,3,1741,37,-0.48,-0.03,-0.2,-0.02,-0.03,-0.01,0,-0.55
38,FENOLDOPAM,DR38,-11.63,1,2.01,C16H16ClNO3,305.08,16,851,365.08,60.69,304.39,4,5,1,37,16,21,31.76,1,2,12,1.53,74.31,39,2609,132,16.83,3,1449,39,-0.55,-0.04,-0.19,-0.03,-0.04,-0.01,-0.11,-0.73
39,Fenoprofen,DR39,-7.56,1,3.14,C15H14O3,242.09,15,650,318.55,46.53,272.02,1,2,4,32,14,18,26.96,0,2,12,1.69,54.8,33,2135,106,14.53,2,990,24,-0.42,-0.03,-0.16,-0.02,-0.03,-0.01,-0.01,-0.5
40,flumazenil,DR40,-12.23,1,0.86,C15H14FN3O3,303.1,15,956,363.94,74.78,289.16,0,6,3,36,14,22,29.87,2,1,6,1.81,80.12,38,3000,130,16.07,3,1501,41,-0.56,-0.04,-0.16,-0.03,-0.04,-0.01,-1.69,-0.82
41,Fluvoxamine,DR41,-11.96,1,3.2,C15H21F3N2O2,318.16,15,1216,421.74,30.82,390.92,1,7,10,43,21,22,29.83,0,1,6,2.41,69.94,43,4796,150,18.63,1,1531,28,-0.54,-0.04,-0.39,-0.03,-0.03,-0.01,-0.01,-0.8
42,Gallamine,DR42,-7.83,1,3.46,C24H45N3O3,423.35,24,2827,681.69,68.46,613.23,0,6,18,75,45,30,50.14,0,1,6,2.62,108.53,75,13204,276,31.87,1,3326,41,-0.26,-0.02,-0.11,-0.01,-0.01,0,0,-0.33
43,Gefitinib,DR43,-11.89,1,3.02,C22H24ClFN4O3,446.15,22,3020,551.05,67.06,483.99,1,9,8,55,24,31,46.15,2,2,12,1.12,120.93,58,14698,202,24.43,4,4768,48,-0.38,-0.03,-0.18,-0.02,-0.02,0,-0.01,-0.54
44,Guanfacine,DR44,-10.45,1,2.21,C9H9Cl2N3O,245.01,9,384,266.24,29.43,236.81,2,6,2,24,9,15,23.35,0,1,6,2.24,41.39,24,1088,74,10.83,1,508,19,-0.7,-0.04,-0.36,-0.04,-0.04,-0.03,-0.06,-1.16
45,Homatropine,DR45,-10.33,1,1.76,C16H21NO3,275.15,16,854,362.81,60.12,302.69,1,4,4,41,21,20,30.28,2,1,6,1.36,65.8,43,2975,160,17.98,3,1243,30,-0.52,-0.04,-0.17,-0.03,-0.03,-0.01,-0.18,-0.65
46,Hydralazine,DR46,-6.95,1,0.37,C8H8N4,160.07,8,182,202.9,25.78,177.12,2,4,1,20,8,12,18.64,0,2,10,1.83,31.53,21,397,64,9.27,2,368,17,-0.58,-0.04,-0.27,-0.03,-0.04,-0.04,-2.97,-0.87
47,Hydrocodone,DR47,-10.81,1,1.19,C18H21NO3,299.15,18,824,378.93,49.12,329.81,0,4,1,43,21,22,32.47,4,1,6,1.5,87.32,47,2211,184,18.78,5,2007,51,-0.49,-0.04,-0.22,-0.03,-0.03,-0.01,-0.7,-0.6
48,Hydroxyamphetamine,DR48,-7.21,1,1.36,C9H13NO,151.1,9,166,224.21,20.23,203.98,2,2,2,24,13,11,17.95,0,1,6,1.97,25.65,24,408,80,10.66,1,250,11,-0.66,-0.05,-0.36,-0.03,-0.04,-0.04,-0.31,-0.8
49,Hydroxyzine,DR49,-12.23,1,2.71,C21H27ClN2O2,374.18,21,1831,503.48,56.64,446.84,1,5,8,53,27,26,42.09,1,2,12,1.52,93.69,55,7856,196,23.35,3,2761,37,-0.47,-0.03,-0.22,-0.02,-0.03,-0.01,-0.02,-0.58
50,ILOPERIDONE,DR50,-13.54,1,4.04,C24H27FN2O4,426.2,24,3379,554.58,75.15,479.43,0,6,8,58,27,31,45.71,1,3,15,0.98,117.94,61,19011,218,25.57,4,5026,48,-0.44,-0.03,-0.18,-0.02,-0.03,0,0,-0.56
51,Ipratropium,DR51,-13.44,1,1.44,C20H30NO3,332.22,20,1371,467.58,46.53,421.05,1,4,6,54,30,24,37.58,2,1,6,1.46,87.04,56,5196,214,23.36,3,1953,42,-0.56,-0.04,-0.29,-0.03,-0.03,-0.01,-0.49,-0.67
52,Ketorolac,DR52,-13.21,1,1.33,C15H13NO3,255.09,15,693,312.23,59.3,252.93,1,3,3,32,13,19,27.1,1,2,11,1.56,62.65,34,2183,116,14.51,3,977,29,-0.7,-0.05,-0.22,-0.04,-0.05,-0.02,-0.62,-0.88
53,LABETALOL,DR53,-10.77,1,2.52,C19H24N2O3,328.18,19,1607,444.66,57.53,387.13,4,5,8,48,24,24,36.95,0,2,12,1.58,80.29,49,7193,166,21.43,2,2114,33,-0.45,-0.03,-0.19,-0.02,-0.03,-0.01,-0.03,-0.57
54,Lanreotide,DR54,-12.64,1,1.82,C54H71N11O10S2,1097.48,54,33809,1380.4,270.41,1109.99,15,22,29,148,71,77,118.41,0,5,25,1.28,437.7,152,270798,530,65.68,5,37846,122,-0.16,-0.01,-0.05,-0.01,-0.01,0,-0.19,-0.23
55,Mebendazole,DR55,-6.8,1,2.54,C16H13N3O3,295.1,16,1138,356.93,84.08,272.85,2,5,4,35,13,22,32.09,1,2,12,1.5,74.83,37,4359,118,16.01,3,1698,32,-0.31,-0.02,-0.08,-0.02,-0.02,-0.01,-0.02,-0.42
56,Meclizine,DR56,-8.97,1,5.76,C25H27ClN2,390.19,25,2177,526.61,27.18,499.43,0,3,5,55,27,28,46.69,1,3,18,1.28,106.69,58,9430,204,24.47,4,3518,42,-0.32,-0.02,-0.33,-0.02,-0.02,0,-0.0000156,-0.36
57,Meclofenamate,DR57,-9.11,1,4.16,C14H11Cl2NO2,295.02,14,682,335.75,37.3,298.45,2,5,3,30,11,19,29.64,0,2,12,1.8,61.64,31,2046,98,13.68,2,1046,30,-0.48,-0.03,-0.24,-0.03,-0.03,-0.01,0,-0.65
58,MefenamicAcid,DR58,-9.24,1,3.35,C15H15NO2,241.11,15,602,324.48,37.3,287.18,2,3,3,33,15,18,27.37,0,2,12,1.83,56.36,34,1799,110,14.89,2,930,27,-0.51,-0.04,-0.25,-0.03,-0.03,-0.02,0,-0.62
59,Meloxicam,DR59,-9.32,1,0.27,C14H13N3O4S2,351.03,14,1115,364.27,131.07,233.2,2,8,1,36,13,23,34.54,2,1,6,1.67,84.69,38,3723,126,16.28,3,1779,41,-0.41,-0.03,-0.07,-0.03,-0.04,-0.01,-5,-0.67
60,Menthol,DR60,-6.8,1,3.21,C10H20O,156.15,10,150,257.42,20.23,237.19,1,1,1,31,20,11,19.05,1,0,0,2.22,26.6,31,327,122,13.06,1,236,14,-0.62,-0.04,-0.34,-0.03,-0.03,-0.05,0,-0.68
61,Meperidine,DR61,-8.68,1,2.63,C15H21NO2,247.16,15,568,359.6,39.89,319.71,0,3,4,39,21,18,28.55,1,1,6,1.99,57.57,40,1590,146,16.92,2,871,29,-0.48,-0.04,-0.22,-0.02,-0.03,-0.02,-0.02,-0.58
62,Methacholine,DR62,-10.38,1,-0.72,C8H18NO2,160.13,8,170,268.52,26.3,242.22,0,3,4,29,18,11,17.83,0,0,0,3.61,24.75,28,417,104,12.13,0,170,9,-0.94,-0.06,-0.39,-0.04,-0.04,-0.06,-54.5,-1.3
63,METHAMPHETAMINE,DR63,-10.75,1,2.15,C10H15N,149.12,10,168,241.09,12,229.09,1,1,3,26,15,11,19.21,0,1,6,1.94,25.38,26,413,90,11.33,1,240,11,-0.98,-0.07,-0.9,-0.04,-0.05,-0.06,-0.08,-1.08
64,Metoprolol,DR64,-10.68,1,1.63,C15H25NO3,267.18,15,906,406.31,38.69,367.62,2,4,9,44,25,19,30.35,0,1,6,1.94,54.58,44,3788,156,19.03,1,1158,21,-0.56,-0.04,-0.28,-0.03,-0.03,-0.01,-0.25,-0.71
65,Milnacipran,DR65,-10.97,1,1.91,C15H22N2O,246.17,15,572,367.59,30.66,336.93,1,3,5,40,22,18,28.99,1,1,6,2,57.04,41,1601,150,17.4,2,707,29,-0.61,-0.04,-0.36,-0.03,-0.03,-0.02,-0.14,-0.73
66,mirtazepine,DR66,-11.82,1,1.57,C17H19N3,265.16,17,687,356.71,40.07,316.64,0,3,0,39,19,20,31.28,3,1,6,1.42,71.92,42,1860,152,17.33,4,1416,38,-0.59,-0.04,-0.3,-0.03,-0.04,-0.02,-0.32,-0.7
67,Montelukast,DR67,-11.74,1,7.89,C35H36ClNO3S,585.21,35,6351,744.08,95.72,648.36,2,6,12,77,36,41,67.57,2,3,18,1.08,179.93,81,35269,284,34.42,5,8915,62,-0.29,-0.02,-0.12,-0.02,-0.02,0,-0.000000151,-0.34
68,Nabilone,DR68,-10.4,1,6.8,C24H36O3,372.27,24,1826,556.09,46.53,509.56,1,3,6,63,36,27,43.4,2,1,6,1.65,105.21,65,7273,250,27.01,3,3174,48,-0.39,-0.03,-0.22,-0.02,-0.02,-0.01,-0.00000165,-0.43
69,Nabumetone,DR69,-6.36,1,3.06,C15H16O2,228.12,15,566,320.42,26.3,294.12,0,2,4,33,16,17,27.91,0,2,10,1.77,50.45,34,1881,116,14.59,2,970,23,-0.37,-0.03,-0.24,-0.02,-0.02,-0.01,-0.01,-0.42
70,Nalbuphine,DR70,-11.43,1,1.41,C21H27NO4,357.19,21,1356,450.32,83.51,366.81,3,5,2,53,27,26,38.25,5,1,6,1.29,110.71,58,4276,230,23.35,6,3158,60,-0.44,-0.03,-0.14,-0.03,-0.03,-0.01,-0.44,-0.54
71,Naphazoline,DR71,-11.21,1,2.44,C14H14N2,210.12,14,431,280.75,12.36,268.39,1,2,2,30,14,16,26.43,1,2,10,1.41,48.26,32,1205,110,13.5,3,748,21,-0.7,-0.05,-0.91,-0.04,-0.04,-0.03,-0.04,-0.8
72,Nebivolol,DR72,-10.31,1,2.74,C22H25F2NO4,405.18,22,2692,500.21,58.92,441.29,3,7,6,54,25,29,40.25,2,2,12,1.08,108.95,57,13790,206,24,4,4316,46,-0.36,-0.03,-0.18,-0.02,-0.02,0,-0.02,-0.47
73,NOREPINEPHRINE,DR73,-12.64,1,0.16,C8H11NO3,169.07,8,198,220.59,60.69,159.9,4,4,2,23,11,12,17.44,0,1,6,2.39,30.04,23,473,72,10.51,1,300,16,-1.05,-0.07,-0.21,-0.06,-0.08,-0.06,-8.75,-1.58
74,octreotide,DR74,-14.54,1,0.3,C49H66N10O10S2,1018.44,49,23347,1271.7,246.57,1025.13,13,21,17,137,66,71,107.69,1,4,21,1.44,412.06,141,145934,496,60.67,5,37800,112,-0.2,-0.01,-0.06,-0.01,-0.01,0,-7.29,-0.3
75,Oxazepam,DR75,-8.78,1,2.84,C15H11ClN2O2,286.05,15,727,320.86,49.66,271.2,2,5,1,31,11,20,29.47,1,2,12,1.63,69.35,33,2076,106,14.3,3,1227,35,-0.44,-0.03,-0.18,-0.03,-0.03,-0.01,-0.01,-0.59
76,OXPRENOLOL,DR76,-11.02,1,2.02,C15H23NO3,265.17,15,834,383.53,38.69,344.84,2,4,9,42,23,19,30.19,0,1,6,2.12,55.79,42,3116,144,18.4,1,1014,22,-0.58,-0.04,-0.28,-0.03,-0.03,-0.01,-0.11,-0.73
77,oxycodone,DR77,-10.96,1,0.28,C18H21NO4,315.15,18,907,393.63,69.35,324.28,1,5,1,44,21,23,33.1,4,1,6,1.49,94.4,48,2432,186,19.34,5,2189,57,-0.48,-0.03,-0.16,-0.03,-0.03,-0.01,-5.75,-0.61
78,Oxymorphone,DR78,-12.25,1,-0.04,C17H19NO4,301.13,17,788,364.28,80.35,283.93,2,5,0,41,19,22,31.21,4,1,6,1.57,89.12,45,2008,174,18.19,5,1958,55,-0.56,-0.04,-0.15,-0.03,-0.04,-0.02,-13.4,-0.72
79,Oxytocin,DR79,-12.64,1,-2.67,C43H66N12O12S2,1006.44,43,23044,1241.87,272.19,969.68,12,26,17,135,66,69,100.3,2,1,6,1.92,388.4,137,156187,492,58.91,3,35269,107,-0.18,-0.01,-0.05,-0.01,-0.01,0,-5910,-0.29
80,Pancuronium,DR80,-5.77,1,4.42,C35H60N2O4,572.46,35,5163,829.32,52.6,776.72,0,6,6,101,60,41,65.54,6,0,0,1.19,203.27,106,23725,436,42.76,6,9407,84,-0.14,-0.01,-0.11,-0.01,-0.01,0,0,-0.16
81,paracetamol,DR81,-6.76,1,0.45,C8H9NO2,151.06,8,166,201.6,37.3,164.3,2,3,1,20,9,11,15.96,0,1,6,1.97,25.65,20,408,62,9.03,1,250,11,-0.61,-0.04,-0.18,-0.03,-0.04,-0.04,-2.4,-0.84
82,Pemetrexed,DR82,-7.04,1,0.53,C20H21N5O6,427.15,20,3252,511.67,151.56,360.11,6,10,9,52,21,31,41.6,1,2,11,1.34,117.91,54,17402,180,23.49,3,4452,46,-0.23,-0.02,-0.05,-0.01,-0.02,0,-2.08,-0.35
83,Pentagastrin,DR83,-12.37,1,1.31,C37H49N7O9S,767.33,37,13349,975.17,190.04,785.13,8,16,23,103,49,54,80.02,0,3,15,1.7,259.79,105,87384,366,45.35,3,14503,76,-0.23,-0.02,-0.07,-0.01,-0.02,0,-0.61,-0.33
84,Pentazocine,DR84,-11.77,1,3.69,C19H27NO,285.21,19,870,415.13,33.82,381.31,1,2,2,48,27,21,34.61,2,1,6,1.52,74.49,50,2798,188,20.82,3,1750,39,-0.56,-0.04,-0.35,-0.03,-0.03,-0.01,0,-0.62
85,Pentoxifylline,DR85,-5.58,1,-1.69,C13H18N4O3,278.14,13,834,374.93,78.89,296.04,0,4,5,38,18,20,27.84,2,0,0,1.93,65.77,39,2839,140,16.49,2,1143,32,-0.28,-0.02,-0.07,-0.01,-0.02,-0.01,-273,-0.43
86,Phenelzine,DR86,-6.9,1,1.08,C8H12N2,136.1,8,133,208.02,38,170.02,2,2,3,22,12,10,16.82,0,1,6,2.02,21.64,22,323,72,9.78,1,196,9,-0.69,-0.05,-0.18,-0.03,-0.04,-0.05,-0.57,-0.86
87,PHENOXYBENZAMINE,DR87,-12.3,1,4.72,C18H22ClNO,303.14,18,1046,419.4,22.82,396.58,0,3,8,43,22,21,35.02,0,2,12,1.64,66.57,44,3926,152,18.94,2,1370,26,-0.59,-0.04,-0.54,-0.03,-0.03,-0.01,0,-0.68
88,Protriptyline,DR88,-12.03,1,4.72,C19H21N,263.17,19,759,368.31,12,356.31,1,1,4,41,21,20,33.57,1,2,12,1.57,68.05,43,2282,150,18.26,3,1230,34,-0.6,-0.05,-1,-0.03,-0.03,-0.02,0,-0.63
89,ROFECOXIB,DR89,-10.53,1,3.21,C17H14O4S,314.06,17,1061,370.04,68.82,301.22,0,4,3,36,14,22,33.58,1,2,12,1.61,76.98,38,3738,128,16.2,3,1596,34,-0.48,-0.03,-0.15,-0.03,-0.03,-0.01,-0.01,-0.62
90,Succinylcholine,DR90,-7.53,1,-2.91,C14H30N2O4,290.22,14,1078,459.06,52.6,406.46,0,6,11,50,30,20,31.27,0,0,0,3.6,57.42,49,4741,184,21.01,0,1078,19,-0.38,-0.03,-0.14,-0.02,-0.02,-0.01,-6120,-0.54
91,Sulfasalazine,DR91,-3.54,1,1.51,C18H14N4O5S,398.07,18,2428,423.24,134.17,289.07,3,9,5,42,14,28,39.21,2,1,6,1.28,102.69,44,12034,138,19.32,3,3628,42,-0.13,-0.01,-0.03,-0.01,-0.01,0,-0.11,-0.2
92,Sulindac,DR92,-6.26,1,3.55,C20H17FO3S,356.09,20,1517,420.13,73.58,346.55,1,4,4,42,17,25,37.72,1,2,12,1.46,92.19,44,5806,146,18.95,3,2281,40,-0.25,-0.02,-0.09,-0.01,-0.02,0,0,-0.31
93,Suprofen,DR93,-8.1,1,2.24,C14H12O3S,260.05,14,653,311.81,82.61,229.2,1,4,4,30,12,18,27.01,0,2,11,1.69,55.2,31,2194,100,13.62,2,924,25,-0.45,-0.03,-0.1,-0.03,-0.04,-0.01,-0.05,-0.58
94,tadalafil,DR94,-10.89,1,1.47,C22H19N3O4,389.14,22,1914,458.55,95.57,362.98,1,6,1,48,19,29,41.52,3,3,15,1.1,125.14,53,6568,190,21.65,6,3596,56,-0.38,-0.03,-0.11,-0.02,-0.03,-0.01,-0.37,-0.49
95,Tamsulosin,DR95,-12.53,1,2.86,C20H28N2O5S,408.17,20,2488,549.85,70.21,479.64,2,7,11,56,28,28,44.14,0,2,12,1.56,100.07,57,12466,198,24.5,2,3227,40,-0.45,-0.03,-0.18,-0.02,-0.03,-0.01,-0.02,-0.63
96,Tetrahydrozoline,DR96,-10.82,1,1.95,C13H16N2,200.13,13,339,273.57,12.36,261.21,1,2,1,31,16,15,23.56,2,1,6,1.59,44.87,33,851,122,13.64,3,628,21,-0.72,-0.05,-0.88,-0.04,-0.04,-0.03,-0.12,-0.83
97,Thiabendazole,DR97,-8.6,1,1.77,C10H7N3S,201.04,10,293,213.16,66.34,146.82,1,3,1,21,7,14,23.12,2,1,6,1.61,40.07,23,754,72,9.82,3,441,17,-0.61,-0.04,-0.13,-0.04,-0.06,-0.03,-0.15,-0.86
98,Thiothixene,DR98,-14.3,1,3.14,C23H29N3O2S2,443.17,23,2491,567.55,108.59,458.96,0,6,4,59,29,30,50.61,2,2,12,1.29,120.7,62,10546,224,25.86,4,4208,52,-0.48,-0.03,-0.13,-0.03,-0.03,-0.01,-0.01,-0.62
99,2g94,DR99,-12.99,0,1.57,C30H54N6O8S,658.37,30,8439,913.83,158.08,755.75,5,13,19,99,54,45,67.97,1,0,0,2.83,198.44,99,51869,366,42.31,1,8563,62,-0.29,-0.02,-0.08,-0.01,-0.02,0,-0.35,-0.43
100,2gyi,DR100,-9.55,0,-3.04,C4H9NO5,151.05,4,125,184.45,110.02,74.43,5,6,3,19,9,10,12.24,0,0,0,3.69,21.47,18,275,56,8.57,0,125,12,-0.95,-0.06,-0.09,-0.05,-0.13,-0.08,-10500,-2.39
101,2gzl,DR101,-6.58,0,-2.92,C23H31N5O13P2S,679.11,23,8407,774.21,262.6,511.61,6,17,12,75,31,44,62.85,2,2,10,1.16,197.68,78,56187,270,33.46,4,10664,74,-0.15,-0.01,-0.03,-0.01,-0.01,0,-5470,-0.29
102,2h15,DR102,-7.74,0,-0.42,C12H22N2O7S,338.11,12,948,424.05,88.67,335.38,2,9,2,44,22,22,31.81,3,0,0,1.84,80.86,46,2928,178,18.88,3,1348,35,-0.35,-0.02,-0.09,-0.02,-0.02,-0.01,-20.4,-0.64
103,2h3e,DR103,-7.77,0,-4.05,C6H11N2O7P,254.03,6,476,283.59,138.78,144.81,5,9,6,27,11,16,20.44,0,0,0,4.18,44.05,26,1432,84,12.02,0,476,17,-0.49,-0.03,-0.06,-0.03,-0.05,-0.02,-87200,-1.3
104,2h5a,DR104,-6.95,0,-3.33,C5H11O8P,230.02,5,296,248.53,146.49,102.04,5,8,2,25,11,14,17.7,1,0,0,2.55,38.58,25,752,86,11.22,1,429,19,-0.5,-0.03,-0.05,-0.03,-0.07,-0.02,-14900,-1.39
105,2h6t,DR105,-9.85,0,2.76,C34H63N5O9,685.46,34,10287,978.2,163.11,815.09,8,14,22,111,63,48,72.22,0,0,0,5.54,215.48,110,68107,408,47.43,0,10287,68,-0.21,-0.01,-0.06,-0.01,-0.01,0,-0.02,-0.29
106,2ha2,DR106,-6.35,0,-2.91,C14H30N2O4,290.22,14,1078,459.05,52.6,406.45,0,6,11,50,30,20,31.27,0,0,0,3.6,57.42,49,4741,184,21.01,0,1078,19,-0.32,-0.02,-0.12,-0.01,-0.02,-0.01,-5160,-0.45
107,2hrm,DR107,-4.85,0,-4.5,C10H16N2O10P2,386.03,10,1460,404.62,202.55,202.07,5,12,6,40,16,24,31.49,2,0,0,1.78,83.97,41,5907,144,17.83,2,1846,33,-0.2,-0.01,-0.02,-0.01,-0.02,0,-153000,-0.48
108,2hw2,DR108,-4.05,0,2.11,C43H58N4O12,822.41,43,13890,1029.9,213.3,816.6,6,16,5,117,58,59,85.86,4,1,6,1.41,331.33,121,78198,436,51.28,5,29430,115,-0.07,0,-0.02,0,0,0,-0.03,-0.09
109,2i2c,DR109,-6.41,0,-3.45,C20H24N10O6S2,564.13,20,5399,606.67,237.18,369.49,6,16,7,62,24,38,53.44,6,0,0,0.95,165.6,67,31399,232,28.29,6,7135,67,-0.17,-0.01,-0.03,-0.01,-0.02,0,-18100,-0.32
110,2i2e,DR110,-6,0,-8.99,C20H27N10O16P3,756.08,20,10498,785.94,364.83,421.11,9,24,12,76,27,49,62.99,6,0,0,0.93,238.14,81,69348,278,34.6,6,12962,83,-0.12,-0.01,-0.02,-0.01,-0.01,0,-5860000000,-0.3
111,2i4j,DR111,-8.41,0,5.72,C27H36N2O4,452.27,27,3755,640.38,81.71,558.67,1,6,13,69,36,33,50.77,1,2,12,1.32,127.96,71,19693,254,30.19,3,4834,48,-0.25,-0.02,-0.1,-0.01,-0.02,0,-0.000016,-0.31
112,2i4w,DR112,-15.8,0,2.44,C33H49N2O12PS,728.27,33,10137,941.6,184.9,756.7,2,14,19,98,49,49,73.39,2,2,12,1.35,231.2,101,61625,370,42.51,4,12473,75,-0.32,-0.02,-0.09,-0.02,-0.02,0,-0.06,-0.48
113,2i4z,DR113,-7.78,0,5.72,C27H36N2O4,452.27,27,3755,641.07,81.71,559.36,1,6,13,69,36,33,50.77,1,2,12,1.32,127.96,71,19693,254,30.19,3,4834,48,-0.24,-0.02,-0.1,-0.01,-0.01,0,-0.0000148,-0.29
114,2iuz,DR114,-7.57,0,-4.63,C16H18N8O4,386.15,16,1944,476.17,123.64,352.53,0,6,3,46,18,28,36.18,4,0,0,1.42,113.28,49,7462,172,20.41,4,2946,55,-0.27,-0.02,-0.06,-0.02,-0.02,0,-323000,-0.47
115,2j4k,DR115,-6.62,0,-4.15,C9H13N2O9P,324.04,9,948,330.07,175.67,154.4,5,11,4,34,13,21,26.17,2,0,0,1.87,70.66,35,3279,120,15.33,2,1263,31,-0.32,-0.02,-0.04,-0.02,-0.04,-0.01,-93500,-0.74
116,2j7d,DR116,-9.73,0,-3.4,C10H16N2O6,260.1,10,556,314.45,128.2,186.25,5,7,3,34,16,18,23.33,2,0,0,2.04,58.6,35,1542,122,15.27,2,814,32,-0.54,-0.04,-0.08,-0.03,-0.05,-0.02,-24400,-0.97
117,2j7f,DR117,-8.66,0,-5.19,C9H12N2O6,244.07,9,465,274.63,136.04,138.59,5,7,2,29,12,17,21.15,2,0,0,2.19,54.26,30,1214,102,13.24,2,699,30,-0.51,-0.04,-0.06,-0.03,-0.06,-0.02,-1340000,-0.96
118,2j7g,DR118,-9.55,0,-3.21,C10H14N2O6,258.09,10,569,299.64,136.04,163.6,5,7,3,32,14,18,22.87,2,0,0,2,58.12,33,1624,114,14.48,2,827,30,-0.53,-0.04,-0.07,-0.03,-0.06,-0.02,-15500,-0.95
119,2jh5,DR119,-8.78,0,-0.53,C17H22ClN3O5S2,447.07,17,2289,501.15,141.31,359.84,1,10,5,50,22,28,42.78,2,1,5,1.37,104.48,52,10574,190,21.82,3,2758,40,-0.31,-0.02,-0.06,-0.02,-0.02,0,-29.8,-0.52
120,2nsj,DR120,-6.53,0,-6,C9H14N3O9P,339.05,9,1077,365.75,181.38,184.37,6,11,5,36,14,22,27.48,2,0,0,1.81,75.78,37,3839,124,16.35,2,1263,33,-0.3,-0.02,-0.04,-0.02,-0.04,-0.01,-6530000,-0.73
121,2o1c,DR121,-6.44,0,-3.48,H4O7P2,177.94,0,88,178.09,143.91,34.18,4,7,2,13,4,9,11.56,0,0,0,3.75,18.75,12,173,34,5.95,0,88,6,-0.72,-0.04,-0.04,-0.04,-0.19,-0.07,-19400,0
122,2o2u,DR122,-8.73,0,3.03,C16H13FN2OS,300.07,16,925,346.77,81.13,265.64,1,5,3,34,13,21,29.75,1,2,11,1.39,71.72,36,3093,124,15.3,3,1314,33,-0.42,-0.03,-0.11,-0.03,-0.03,-0.01,-0.01,-0.55
123,2o4j,DR123,-13.77,0,2.88,C27H42O3,414.31,27,2717,588.17,60.69,527.48,3,3,5,72,42,30,49.18,3,0,0,1.54,116.88,74,12917,282,31.04,3,3798,49,-0.46,-0.03,-0.23,-0.02,-0.03,-0.01,-0.02,-0.51
124,2o4k,DR124,-14.26,0,4.55,C38H52N6O7,704.39,38,10532,971.67,145.48,826.19,5,13,18,103,52,51,77.42,1,2,12,1.79,248.27,105,59701,368,45.21,3,12530,77,-0.28,-0.02,-0.1,-0.01,-0.02,0,0,-0.38
125,2o4r,DR125,-12.82,0,2.88,C27H42O3,414.31,27,2717,587.96,60.69,527.27,3,3,5,72,42,30,49.18,3,0,0,1.54,116.88,74,12917,282,31.04,3,3798,49,-0.43,-0.03,-0.21,-0.02,-0.02,0,-0.02,-0.47
126,2o8h,DR126,-10.37,0,-0.05,C24H29N5O4S,483.19,24,3364,613.81,127.53,486.28,0,9,4,63,29,34,52.62,3,2,12,1.24,148.74,67,14958,242,27.71,5,6060,64,-0.31,-0.02,-0.08,-0.02,-0.02,0,-11.6,-0.43
127,2oag,DR127,-11.55,0,2.4,C21H19F3N4O2S,448.12,21,2828,514.95,81.89,433.06,1,9,4,50,19,31,43.76,2,2,12,1.2,125.84,53,12970,184,22.42,4,4407,52,-0.37,-0.03,-0.14,-0.02,-0.03,0,-0.05,-0.55
128,2oi2,DR128,-8.6,0,-3.31,C6H14O10P2,308.01,6,693,350.32,190.44,159.88,5,10,8,32,14,18,24.02,0,0,0,4.1,52.33,31,2419,104,14.14,0,693,19,-0.48,-0.03,-0.05,-0.02,-0.05,-0.01,-17500,-1.43
129,2ov4,DR129,-6.47,0,-7.86,C10H17N5O16P4,586.96,10,4121,589.29,338.88,250.41,8,20,10,52,17,35,44.8,3,0,0,1.51,146.66,54,21457,180,23.67,3,4899,54,-0.18,-0.01,-0.02,-0.01,-0.03,0,-469000000,-0.65
130,2oxd,DR130,-9.31,0,3.68,C7H2Br4N2O,445.69,7,262,262.68,45.35,217.33,2,3,0,16,2,14,26.53,1,1,6,2.19,41.13,17,585,54,7.37,2,425,24,-0.66,-0.02,-0.21,-0.04,-0.04,-0.04,0,-1.33
131,2oxx,DR131,-9.14,0,3.93,C7H2Br4N2S,461.67,7,262,272.66,60.37,212.29,2,3,0,16,2,14,29.3,1,1,6,2.19,41.13,17,585,54,7.37,2,425,24,-0.65,-0.02,-0.15,-0.03,-0.04,-0.03,0,-1.31
132,2oxy,DR132,-8.9,0,4.03,C7H2Br4N2,429.7,7,211,247.88,28.68,219.2,1,1,0,15,2,13,26.78,1,1,6,1.87,36.83,16,444,50,6.95,2,352,22,-0.68,-0.02,-0.31,-0.04,-0.04,-0.04,0,-1.27
133,2oyk,DR133,-7.23,0,-3.74,C12H23NO8,309.14,12,894,378.29,139.84,238.45,7,9,4,44,23,21,28.29,2,0,0,1.96,71.7,45,2846,166,19.43,2,1374,36,-0.34,-0.02,-0.05,-0.02,-0.03,-0.01,-39700,-0.6
134,2p2a,DR134,-8.36,0,-4.37,C14H14N6O4,330.11,14,1446,374.12,118.18,255.94,3,9,6,38,14,24,31.37,2,1,6,1.4,84.4,40,5778,130,17.37,3,1817,33,-0.35,-0.03,-0.07,-0.02,-0.03,-0.01,-196000,-0.6
135,2p3b,DR135,-11.57,0,5.54,C50H64N6O10,908.47,50,23427,1201.5,161.34,1040.16,8,16,25,130,64,66,97.45,0,4,24,1.35,345.51,133,181990,464,57.41,4,25695,98,-0.18,-0.01,-0.07,-0.01,-0.01,0,-0.0000334,-0.23
136,2p4y,DR136,-12.28,0,6.73,C28H22ClF3N2O6,574.11,28,5277,658.75,95.95,562.8,1,10,8,62,22,40,56.29,0,5,24,1.27,184.76,66,25670,222,27.97,5,7918,68,-0.31,-0.02,-0.13,-0.02,-0.02,0,-0.00000229,-0.44
137,2pq9,DR137,-11.06,0,-4.42,C10H14F2O14P2,457.98,10,1875,445.93,257.2,188.73,7,16,9,42,14,28,32.73,1,0,0,3.23,110.31,42,6685,140,18.92,1,2365,45,-0.4,-0.02,-0.04,-0.02,-0.06,-0.01,-291000,-1.11
138,2pu1,DR138,-7.99,0,-2.64,C2H5FNO5P,172.99,2,118,177.75,116.67,61.08,4,7,2,15,5,10,11.48,0,0,0,3.94,22.1,14,245,42,6.76,0,118,12,-0.8,-0.05,-0.07,-0.04,-0.13,-0.07,-3490,-3.99
139,2q8z,DR139,-7.75,0,-4.12,C9H14N3O9P,339.05,9,1051,352.71,199.52,153.19,6,12,4,36,14,22,27.2,2,0,0,1.85,76.45,37,3640,128,16.2,2,1401,34,-0.35,-0.02,-0.04,-0.02,-0.05,-0.01,-102000,-0.86
140,2qbq,DR140,-10.15,0,5.97,C23H28BrNO5S,509.09,23,2818,586.9,112.07,474.83,3,7,7,59,28,31,49.46,1,2,11,1.57,124.4,61,12726,218,26.01,3,4002,48,-0.33,-0.02,-0.09,-0.02,-0.02,0,-0.0000109,-0.44
141,2qnn,DR141,-9.76,0,3,C34H31F6N5O6S2,783.16,34,10875,867.44,146.36,721.08,3,17,12,84,31,53,71.62,1,4,24,1.36,277.51,88,59505,306,37.4,5,14600,93,-0.18,-0.01,-0.07,-0.01,-0.01,0,-0.01,-0.29
142,2qnp,DR142,-8.74,0,5.52,C30H29I2N3O4S2,812.97,30,5195,753.83,112.22,641.61,1,7,8,70,29,41,72.97,1,4,24,1.34,195.71,74,23022,258,31.34,5,6844,69,-0.21,-0.01,-0.08,-0.01,-0.01,0,-0.0000264,-0.29
143,2qpu,DR143,-4.91,0,-4.09,C19H35NO12,469.22,19,2939,566.81,209.76,357.05,10,13,5,67,35,32,43.14,3,0,0,1.59,133.49,69,13023,258,29.57,3,4555,62,-0.15,-0.01,-0.02,-0.01,-0.01,0,-60500,-0.26
144,2qv4,DR144,-3.46,0,-8.78,C31H53NO23,807.3,31,13968,920.64,388.29,532.35,17,24,12,108,53,55,71.2,5,0,0,1.12,283.57,112,97732,412,48.1,5,21758,109,-0.06,0,-0.01,0,-0.01,0,-2090000000,-0.11
145,2r1y,DR145,-6.15,0,-2.39,C8H14O7,222.07,8,350,259.21,127.45,131.76,5,7,3,29,14,15,19.06,1,0,0,2.5,42.9,29,891,102,12.93,1,510,23,-0.41,-0.03,-0.05,-0.02,-0.05,-0.02,-1510,-0.77
146,2r2b,DR146,-5.73,0,-6.59,C27H42O22,718.22,27,8254,821.33,369.58,451.75,13,22,15,91,42,49,61.85,3,0,0,1.97,255.47,93,40542,332,40.62,3,11878,96,-0.12,-0.01,-0.02,-0.01,-0.01,0,-22300000,-0.21
147,2r6w,DR147,-12.76,0,5.7,C29H29NO4S,487.18,29,4229,616.68,108.59,508.09,2,6,7,64,29,35,56.61,1,4,21,1.04,146.02,68,22817,236,28.77,5,6343,56,-0.36,-0.03,-0.12,-0.02,-0.03,0,-0.0000255,-0.44
148,2rke,DR148,-5.57,0,-1.79,C2H4O5S,139.98,2,66,146.88,100.05,46.83,2,5,2,12,4,8,10.65,0,0,0,3.39,15.17,11,127,34,5.29,0,66,5,-0.7,-0.04,-0.06,-0.04,-0.12,-0.08,-343,-2.79
149,2rkp,DR149,-6.19,0,0.35,C12H12Cl2N2O4,318.02,12,764,336.85,87.74,249.11,3,7,2,32,12,20,29.9,2,1,6,1.56,68.81,34,2358,118,14.55,3,1116,34,-0.31,-0.02,-0.07,-0.02,-0.02,-0.01,-2.76,-0.52
150,2uwd,DR150,-11.39,0,2.47,C19H17ClN2O5,388.08,19,1761,419.97,72.83,347.14,3,8,4,44,17,27,38.48,2,1,6,1.71,104.59,46,6471,150,19.92,3,2515,45,-0.42,-0.03,-0.16,-0.03,-0.03,-0.01,-0.04,-0.6
151,2uxz,DR151,-11.57,0,5.17,C36H45BrN4O6,708.25,36,8580,882.27,126.52,755.75,5,10,15,92,45,47,71.82,1,3,18,1.45,222,95,47335,336,40.65,4,10087,73,-0.25,-0.02,-0.09,-0.01,-0.02,0,-0.0000782,-0.32
152,2uy0,DR152,-9.44,0,4.63,C36H43BrN4O7,722.23,36,8880,878.41,133.24,745.17,5,11,14,91,43,48,71.77,1,3,18,1.46,231.29,94,48564,330,40.31,4,10422,76,-0.2,-0.01,-0.07,-0.01,-0.01,0,0,-0.26
153,2v00,DR153,-4.99,0,1.64,C12H13N3O,215.11,12,485,286.86,44.1,242.76,2,4,3,29,13,16,23.53,1,1,6,1.48,45.53,30,1538,98,13.08,2,753,19,-0.31,-0.02,-0.11,-0.02,-0.02,-0.01,-0.11,-0.42
154,2v8w,DR154,-9.31,0,-5.54,C11H19N5O14P3,538.01,11,3372,565.72,290.8,274.92,8,19,8,52,19,33,41.85,3,0,0,1.48,136.99,54,16170,184,23.47,3,4187,53,-0.28,-0.02,-0.03,-0.02,-0.03,0,-3230000,-0.85
155,2vpn,DR155,-9.17,0,-0.75,C6H10N2O2,142.07,6,117,183.44,49.66,133.78,2,4,1,20,10,10,13.8,1,0,0,2.32,22.72,20,245,70,8.73,1,186,11,-0.92,-0.06,-0.18,-0.05,-0.07,-0.08,-51.6,-1.53
156,2zb0,DR156,-9.03,0,6.58,C24H20N4O2,396.16,24,2809,503.2,79.84,423.36,2,5,5,50,20,30,45.75,0,4,23,1.13,115.83,53,13870,170,22.91,4,4373,46,-0.3,-0.02,-0.11,-0.02,-0.02,0,-0.00000238,-0.38
157,2zcq,DR157,-12.04,0,1.3,C16H19O7PS,386.06,16,1720,461.31,139.32,321.99,3,6,8,44,19,25,37.78,0,2,12,1.61,86.82,45,7495,152,19.73,2,2284,34,-0.48,-0.03,-0.09,-0.03,-0.04,-0.01,-0.6,-0.75
158,3b2t,DR158,-7.1,0,-4.41,C11H17N5O9P2,425.05,11,1925,461.88,205.97,255.91,5,13,6,44,17,27,35.76,3,0,0,1.54,102.71,46,8008,158,19.83,3,2463,42,-0.26,-0.02,-0.03,-0.02,-0.03,0,-183000,-0.65
159,3b5j,DR159,-7.75,0,-5.05,C16H16N8O16P2,638.02,16,5566,642.36,318.3,324.06,4,23,7,58,16,42,49.89,5,0,0,1.33,205.31,62,25420,214,26.33,5,7946,76,-0.18,-0.01,-0.02,-0.01,-0.02,0,-869000,-0.48
160,3b68,DR160,-11.46,0,2.25,C19H18F3N3O6,441.11,19,3128,518.36,109.42,408.94,3,12,8,49,18,31,37.94,0,2,12,1.7,119.03,50,16043,166,21.86,2,4202,47,-0.37,-0.03,-0.1,-0.02,-0.03,0,-0.06,-0.6
161,3baj,DR161,-4.22,0,-8.45,C31H55NO23,809.32,31,14124,936.89,388.29,548.6,17,24,12,110,55,55,71.46,5,0,0,1.1,282.68,114,100180,424,48.83,5,22004,109,-0.08,-0.01,-0.01,0,-0.01,0,-1190000000,-0.14
162,3bc3,DR162,-9.29,0,6.71,C47H55N7O5S,829.4,47,17871,1053.47,126.17,927.3,7,13,21,115,55,60,92.13,1,4,24,1.14,298.68,119,123821,408,51.3,5,21459,84,-0.15,-0.01,-0.07,-0.01,-0.01,0,-0.00000181,-0.2
163,3bft,DR163,-8.85,0,-3.84,C5H11N3O3S,193.05,5,205,219.28,82.83,136.45,5,7,3,23,11,12,18.22,1,0,0,2.3,29.58,23,504,78,10.28,1,224,13,-0.74,-0.05,-0.11,-0.04,-0.06,-0.04,-61300,-1.77
164,3bfu,DR164,-8.56,0,-3.84,C5H11N3O3S,193.05,5,205,218.02,82.83,135.19,5,7,3,23,11,12,18.22,1,0,0,2.3,29.58,23,504,78,10.28,1,224,13,-0.71,-0.04,-0.1,-0.04,-0.06,-0.04,-59200,-1.71
165,3bgz,DR165,-8.54,0,5.37,C21H15NO2,313.11,21,1205,391.35,53.09,338.26,2,2,3,39,15,24,40.4,0,4,21,1.46,90.92,42,3860,134,18.11,4,1939,40,-0.36,-0.03,-0.16,-0.02,-0.03,-0.01,-0.0000364,-0.41
166,3bkk,DR166,-8.3,0,3.12,C28H30N2O6,490.21,28,4442,623.47,111.9,511.57,5,8,12,66,30,36,52.6,0,3,18,1.47,147.81,68,22649,228,29.77,3,5333,51,-0.23,-0.02,-0.07,-0.01,-0.02,0,-0.01,-0.3
167,3bkl,DR167,-8.41,0,2.89,C30H31N3O6,529.22,30,5517,663.14,127.69,535.45,6,8,12,70,31,39,57.79,0,4,21,1.25,167.62,73,29740,246,31.68,4,6650,58,-0.22,-0.02,-0.07,-0.01,-0.02,0,-0.01,-0.28
168,3bva,DR168,-8.9,0,-0.36,C35H67N11O8,769.52,35,13642,1067.14,152.08,915.06,11,19,29,121,67,54,79.87,0,0,0,5.98,254.28,120,91723,436,51.99,0,13642,75,-0.16,-0.01,-0.06,-0.01,-0.01,0,-20.4,-0.25
169,3c1k,DR169,-12.88,0,-0.25,C26H34N6O5S,542.23,26,5445,693.87,127.15,566.72,2,10,9,72,34,38,56.25,2,1,6,1.49,159,74,31413,262,31.47,3,6656,55,-0.34,-0.02,-0.1,-0.02,-0.02,0,-22.9,-0.5
170,3c56,DR170,-10.76,0,-4.68,C5H13NO10P2,309,5,759,343.44,193.68,149.76,5,11,8,31,13,18,23.42,0,0,0,3.72,50.33,30,2926,98,13.76,0,759,18,-0.6,-0.03,-0.06,-0.03,-0.07,-0.01,-515000,-2.15
171,3cct,DR171,-10.32,0,5.13,C33H35FN2O6,574.25,33,5714,734.6,119.99,614.61,5,8,12,77,35,42,63.35,0,4,23,1.63,198.74,80,26675,272,34.62,4,7271,68,-0.25,-0.02,-0.09,-0.01,-0.02,0,-0.0000765,-0.31
172,3ccw,DR172,-6.64,0,2.36,C27H32FN3O5,497.23,27,4261,643.53,112.65,530.88,4,8,12,68,32,36,52.12,1,2,12,1.58,150.59,70,20790,242,30.25,3,5210,53,-0.18,-0.01,-0.06,-0.01,-0.01,0,-0.03,-0.25
173,3ccz,DR173,-9.94,0,1.76,C28H34FN3O6,527.24,28,4816,678.41,132.88,545.53,5,9,13,72,34,38,54.6,1,2,12,1.72,164.41,74,23650,256,32.06,3,5847,58,-0.26,-0.02,-0.07,-0.01,-0.02,0,-0.17,-0.35
174,3cd0,DR174,-10.33,0,2.76,C27H31F2N3O5,515.22,27,4634,650.85,112.65,538.2,4,9,12,68,31,37,52.46,1,2,12,1.53,156.27,70,23303,242,30.25,3,5714,55,-0.28,-0.02,-0.09,-0.02,-0.02,0,-0.02,-0.38
175,3cd5,DR175,-10.77,0,3.79,C31H36N2O5,516.26,31,5165,673.86,99.76,574.1,4,6,11,74,36,38,58.47,1,3,17,1.31,163.05,77,28205,270,32.92,4,6807,62,-0.28,-0.02,-0.11,-0.02,-0.02,0,0,-0.35
176,3cd7,DR176,-10.7,0,5.5,C33H34F2N2O5,576.24,33,5733,730.05,99.76,630.29,4,8,12,76,34,42,62.34,0,4,23,1.63,198.25,79,26821,270,34.08,4,7356,67,-0.25,-0.02,-0.11,-0.01,-0.02,0,-0.0000338,-0.32
177,3cda,DR177,-10.34,0,4.34,C33H36FN3O7S,637.23,33,7122,788.64,142.28,646.36,5,10,13,81,36,45,68.68,0,4,23,1.5,217.15,84,36285,288,36.23,4,9214,73,-0.23,-0.02,-0.07,-0.01,-0.02,0,0,-0.31
178,3cdb,DR178,-9.57,0,3.72,C33H35F2N3O7S,655.22,33,7338,797.65,142.28,655.37,5,11,13,81,35,46,67.94,0,4,23,1.52,226.97,84,36655,288,36.23,4,9506,76,-0.21,-0.01,-0.07,-0.01,-0.01,0,0,-0.29
179,3cj5,DR179,-8.64,0,2.41,C22H30BrN3O4,479.14,22,2704,562.34,87.62,474.72,1,7,5,60,30,30,45.98,2,1,6,1.51,115.37,62,12532,230,25.97,3,3712,45,-0.29,-0.02,-0.1,-0.02,-0.02,0,-0.03,-0.39
180,3cke,DR180,-8.32,0,1.24,C15H26F2O7P2,418.11,15,2300,508.5,132.91,375.59,3,9,13,52,26,26,37.44,0,0,0,3.77,83.4,51,12494,178,22.43,0,2300,29,-0.32,-0.02,-0.06,-0.02,-0.02,0,-0.48,-0.55
181,3cm2,DR181,-8.82,0,2.4,C28H37N5O3,491.29,28,3949,645.9,64.8,581.1,4,8,8,73,37,36,54.85,2,2,12,1.34,157.9,76,17948,276,32.15,4,5123,63,-0.25,-0.02,-0.14,-0.01,-0.02,0,-0.04,-0.32
182,3cow,DR182,-9.42,0,-3.08,C16H24N6O8S,460.14,16,2911,538.66,182.34,356.32,5,13,6,55,24,31,42.35,3,0,0,1.51,123.8,57,13760,202,24.38,3,3569,51,-0.3,-0.02,-0.05,-0.02,-0.03,0,-11300,-0.59
183,3coy,DR183,-8.21,0,-3.15,C16H25N7O7S,459.15,16,2911,542.68,162.11,380.57,5,13,6,56,25,31,43.19,3,0,0,1.51,123.8,58,13760,206,24.76,3,3569,51,-0.26,-0.02,-0.05,-0.02,-0.02,0,-11600,-0.51
184,3coz,DR184,-7.6,0,-3.54,C15H23N7O7S,445.14,15,2661,513.22,162.11,351.11,5,13,6,53,23,30,41.37,3,0,0,1.55,117.78,55,12310,194,23.51,3,3289,49,-0.25,-0.02,-0.05,-0.01,-0.02,0,-26300,-0.51
185,3cpj,DR185,-6.44,0,-5.95,C10H15N5O11P2,443.02,10,2115,459.3,271.27,188.03,8,14,6,43,15,28,34.83,3,0,0,1.5,108.54,45,8949,152,19.62,3,2720,44,-0.23,-0.01,-0.02,-0.01,-0.03,0,-5740000,-0.64
186,3cs7,DR186,-14.57,0,3.68,C28H29F3N4O2,510.22,28,4519,635.09,59.9,575.19,0,8,7,66,29,37,51.28,4,2,12,1.11,164.59,71,22935,262,29.13,6,7065,64,-0.39,-0.03,-0.24,-0.02,-0.03,0,0,-0.52
187,3d0e,DR187,-11.46,0,1.53,C21H27N7O3,425.22,21,2645,551.64,99.09,452.55,3,8,7,58,27,31,45.28,3,1,5,1.31,126.89,61,10937,216,25.71,4,3693,48,-0.37,-0.03,-0.12,-0.02,-0.03,0,-0.34,-0.55
188,3d1x,DR188,-11.81,0,3.83,C38H50N6O5,670.38,38,9512,886.57,114.99,771.58,5,11,13,99,50,49,75.01,3,2,12,1.16,238.43,103,54001,376,43.48,5,12982,77,-0.24,-0.02,-0.1,-0.01,-0.02,0,0,-0.31
189,3d4z,DR189,-6.67,0,-2.73,C8H12N2O4,200.08,8,262,238.15,98.74,139.41,4,5,1,26,12,14,18.27,2,0,0,2.19,40.97,27,581,94,11.79,2,424,24,-0.48,-0.03,-0.07,-0.03,-0.05,-0.03,-3580,-0.83
190,3d50,DR190,-6.51,0,1.88,C15H29NO4,287.21,15,986,411.69,80.92,330.77,5,5,9,49,29,20,31.4,1,0,0,2.21,60.56,49,4019,182,21.17,1,1245,28,-0.33,-0.02,-0.08,-0.02,-0.02,-0.01,-0.09,-0.43
191,3d52,DR191,-4.48,0,-0.41,C13H16ClN3O6,345.07,13,1344,384.12,131.61,252.51,6,10,4,39,16,23,31.13,1,1,6,1.75,77.57,40,5480,132,17.73,2,1888,35,-0.19,-0.01,-0.03,-0.01,-0.02,0,-11.5,-0.34
192,3d7k,DR192,-6.28,0,-3.86,C20H29N4O11P3S,626.08,20,4820,719.04,274.15,444.89,6,16,12,68,29,39,56.87,2,1,6,1.82,178.04,70,22410,238,30.38,3,5922,67,-0.16,-0.01,-0.02,-0.01,-0.01,0,-45500,-0.31
193,3d83,DR193,-11.4,0,3.71,C28H30N4O3,470.23,28,4403,611.52,69.85,541.67,2,7,7,65,30,35,53.48,3,2,12,0.99,142.56,69,24695,244,28.93,5,6741,54,-0.33,-0.02,-0.16,-0.02,-0.02,0,0,-0.41
194,3d94,DR194,-9.28,0,3.79,C30H31N7,489.26,30,4583,631.19,70.26,560.93,1,7,4,68,31,37,61.18,5,2,12,0.93,163.91,74,23551,264,30.55,7,8096,64,-0.25,-0.02,-0.13,-0.01,-0.02,0,0,-0.31
195,3dd8,DR195,-10.71,0,3.68,C16H21NO5S2,371.09,16,1364,434.73,94.27,340.46,1,6,4,45,21,24,38.22,2,1,6,1.49,87.22,47,5171,176,19.55,3,1906,39,-0.45,-0.03,-0.11,-0.02,-0.03,-0.01,0,-0.67
196,3ddf,DR196,-6.35,0,-0.71,C13H18N2O4,266.13,13,754,338.8,77.76,261.04,5,6,5,37,18,19,27.26,1,1,6,1.61,59.4,38,2544,132,16.58,2,954,27,-0.33,-0.02,-0.08,-0.02,-0.02,-0.01,-32.6,-0.49
197,3ddg,DR197,-8.18,0,-0.57,C14H20N2O4,280.14,14,846,366.62,91.35,275.27,4,6,5,40,20,20,29.09,1,1,6,1.86,64.81,41,2863,144,17.79,2,1059,31,-0.41,-0.03,-0.09,-0.02,-0.03,-0.01,-30.4,-0.58
198,3djk,DR198,-14.44,0,2.46,C27H38N2O8S,550.23,27,4846,722.41,130.33,592.08,2,10,12,76,38,38,57.48,1,2,12,1.68,163.18,78,23746,280,33.16,3,5863,59,-0.38,-0.03,-0.11,-0.02,-0.02,0,-0.05,-0.53
199,3e5a,DR199,-11.23,0,1.37,C23H28N8OS,464.21,23,3554,588.66,124.01,464.65,3,9,7,61,28,33,49.7,4,1,6,1.1,132.35,65,17644,230,27.14,5,5370,47,-0.34,-0.02,-0.09,-0.02,-0.02,0,-0.48,-0.49
200,3e5u,DR200,-7.99,0,1.67,C8H7ClO3,186.01,8,205,212.32,57.53,154.79,2,4,2,19,7,12,17.54,0,1,6,2.3,29.69,19,510,58,8.69,1,307,14,-0.67,-0.04,-0.14,-0.04,-0.05,-0.04,-0.17,-1
201,3E+64,DR201,-9.7,0,3.01,C17H20N4O2S,344.13,17,1429,444.98,71.2,373.78,3,5,3,44,20,24,40.13,1,2,12,1.4,86.3,46,5744,158,19.62,3,2217,37,-0.4,-0.03,-0.14,-0.02,-0.03,-0.01,-0.01,-0.57
202,3e8r,DR202,-13.29,0,3.21,C28H25N3O4,467.18,28,4261,583.74,88.52,495.22,3,7,8,60,25,35,53.66,2,3,18,1.02,144.94,64,22908,216,27.32,5,6581,57,-0.38,-0.03,-0.15,-0.02,-0.03,0,-0.01,-0.47
203,3E+93,DR203,-12.08,0,4.13,C30H32N4O3,496.25,30,4905,644.8,65.92,578.88,2,6,5,69,32,37,57.87,2,4,21,1,159.15,74,27311,264,30.76,6,8012,61,-0.33,-0.02,-0.18,-0.02,-0.02,0,0,-0.4
204,3ebl,DR204,-8.6,0,1.91,C19H24O5,332.16,19,1002,398.31,83.83,314.48,2,5,1,48,24,24,34.23,5,0,0,1.47,101.24,52,2692,210,20.99,5,1781,59,-0.36,-0.03,-0.1,-0.02,-0.03,-0.01,-0.11,-0.45
205,3eeb,DR205,-8.03,0,-11.41,C6H18O24P6,659.86,6,3300,628.58,459.42,169.16,12,24,12,54,18,36,45.61,1,0,0,3.94,165.66,54,11784,180,24.47,1,4272,51,-0.22,-0.01,-0.02,-0.01,-0.05,0,-2060000000000,-1.34
206,3eko,DR206,-9.14,0,1.41,C11H9NO4,219.05,11,417,260.77,82.69,178.08,3,4,1,25,9,16,21.69,0,2,11,1.77,48.24,26,1118,78,11.72,2,602,23,-0.57,-0.04,-0.11,-0.04,-0.05,-0.02,-0.36,-0.83
207,3eqr,DR207,-11.87,0,2.26,C29H38N8O,514.32,29,5130,718.04,66.42,651.62,3,8,9,76,38,38,58.3,3,2,12,1.17,164.3,80,27512,284,33.53,5,7904,61,-0.31,-0.02,-0.18,-0.02,-0.02,0,-0.07,-0.41
208,3f15,DR208,-11.05,0,-2.45,C12H18N2O7S,334.08,12,1069,407.96,155.13,252.83,4,9,7,40,18,22,31.41,0,1,6,2.76,73.93,40,3679,134,17.74,1,1324,33,-0.5,-0.03,-0.07,-0.03,-0.04,-0.01,-3120,-0.92
209,3f16,DR209,-11.22,0,-1.37,C10H14N2O6S,290.06,10,740,345.11,121.31,223.8,4,8,5,33,14,19,27.08,0,1,6,2.41,59.14,33,2459,108,14.72,1,950,28,-0.59,-0.04,-0.09,-0.03,-0.05,-0.02,-263,-1.12
210,3f17,DR210,-11.77,0,1.15,C14H14N2O4S,306.07,14,1040,368.15,91.85,276.3,3,6,4,35,14,21,32.87,0,2,12,1.68,68.15,36,4021,116,15.86,2,1526,30,-0.56,-0.04,-0.13,-0.03,-0.04,-0.01,-0.83,-0.84
211,3f18,DR211,-10.1,0,-1.53,C10H13FN2O5S,292.05,10,708,340.32,125.67,214.65,3,8,5,32,13,19,26.12,0,1,6,2.54,59.81,32,2207,106,14.24,1,888,28,-0.53,-0.03,-0.08,-0.03,-0.05,-0.01,-342,-1.01
212,3f19,DR212,-9.8,0,-0.63,C8H9FN2O4S,248.03,8,473,277.95,91.85,186.1,3,7,3,25,9,16,21.8,0,1,6,2.37,45.37,25,1460,80,11.22,1,617,21,-0.61,-0.04,-0.11,-0.04,-0.05,-0.02,-41.8,-1.23
213,3f1a,DR213,-9.84,0,-0.79,C8H10N2O4S,230.04,8,392,270.03,91.85,178.18,3,6,3,25,10,15,22.02,0,1,6,2.19,41.16,25,1144,80,11.22,1,500,19,-0.66,-0.04,-0.11,-0.04,-0.06,-0.03,-60.7,-1.23
214,3f80,DR214,-5.76,0,-2.2,C6H12N2O4,176.08,6,247,235.07,83.12,151.95,2,6,6,24,12,12,16.32,0,0,0,3.2,26.92,23,739,80,10.37,0,247,11,-0.48,-0.03,-0.07,-0.02,-0.04,-0.02,-913,-0.96
215,3f8c,DR215,-10.47,0,2.81,C27H28N6O,452.23,27,4027,591.58,93.77,497.81,2,5,5,62,28,34,55.22,3,3,18,0.88,140.59,67,22373,234,27.85,6,6569,55,-0.31,-0.02,-0.11,-0.02,-0.02,0,-0.02,-0.39
216,3f8f,DR216,-9.04,0,0.14,C27H29NO10,527.18,27,4100,619.58,159.82,459.76,5,11,4,67,29,38,52.29,3,2,12,1.48,182.48,71,17274,254,29.92,5,8110,81,-0.24,-0.02,-0.06,-0.01,-0.02,0,-6.55,-0.33
